id,firstName,lastName,maidenName,age,gender,email,phone,username,password,birthDate,image,bloodGroup,height,weight,eyeColor,ip,macAddress,university,ein,ssn,userAgent,role,hair.color,hair.type,address.address,address.city,address.state,address.stateCode,address.postalCode,address.coordinates.lat,address.coordinates.lng,address.country,bank.cardExpire,bank.cardNumber,bank.cardType,bank.currency,bank.iban,company.department,company.name,company.title,company.address.address,company.address.city,company.address.state,company.address.stateCode,company.address.postalCode,company.address.coordinates.lat,company.address.coordinates.lng,company.address.country,crypto.coin,crypto.wallet,crypto.network
1,Emily,Johnson,Smith,29,female,emily.johnson@x.dummyjson.com,+81 965-431-3024,emilys,emilyspass,1996-5-30,https://dummyjson.com/icon/emilys/128,O-,193.24,63.16,Green,42.48.100.32,47:fa:41:18:ec:eb,University of Wisconsin--Madison,977-175,900-590-289,"Mozilla/5.0 (Macintosh; Intel Mac OS X 10_15_7) AppleWebKit/537.36 (KHTML, like Gecko) Chrome/96.0.4664.93 Safari/537.36",admin,Brown,Curly,626 Main Street,Phoenix,Mississippi,MS,29112,-77.16213,-92.084824,United States,05/28,3693233511855044,Diners Club International,GBP,GB74MH2UZLR9TRPHYNU8F8,Engineering,"Dooley, Kozey and Cronin",Sales Manager,263 Tenth Street,San Francisco,Wisconsin,WI,37657,71.814525,-161.150263,United States,Bitcoin,0xb9fc2fe63b2a6c003f1c324c3bfa53259162181a,Ethereum (ERC20)
2,Michael,Williams,,36,male,michael.williams@x.dummyjson.com,+49 258-627-6644,michaelw,michaelwpass,1989-8-10,https://dummyjson.com/icon/michaelw/128,B+,186.22,76.32,Red,12.13.116.142,79:15:78:99:60:aa,Ohio State University,912-602,108-953-962,"Mozilla/5.0 (Windows NT 10.0; Win64; x64) AppleWebKit/537.36 (KHTML, like Gecko) Edge/97.0.1072.76 Safari/537.36",admin,Green,Straight,385 Fifth Street,Houston,Alabama,AL,38807,22.815468,115.608581,United States,01/30,3530633803003665,JCB,USD,DE26362283149158045865,Support,Spinka - Dickinson,Support Specialist,395 Main Street,Los Angeles,New Hampshire,NH,73442,79.098326,-119.624845,United States,Bitcoin,0xb9fc2fe63b2a6c003f1c324c3bfa53259162181a,Ethereum (ERC20)
3,Sophia,Brown,,43,female,sophia.brown@x.dummyjson.com,+81 210-652-2785,sophiab,sophiabpass,1982-11-6,https://dummyjson.com/icon/sophiab/128,O-,177.72,52.6,Hazel,214.225.51.195,12:a3:d3:6f:5c:5b,Pepperdine University,963-113,638-461-822,"Mozilla/5.0 (Windows NT 10.0; Win64; x64) AppleWebKit/537.36 (KHTML, like Gecko) Chrome/96.0.4664.45 Safari/537.36",admin,White,Wavy,1642 Ninth Street,Washington,Alabama,AL,32822,45.289366,46.832664,United States,10/27,6011212053392887,Discover,EUR,DE12191213468288004835,Research and Development,Schiller - Zieme,Accountant,1896 Washington Street,Dallas,Nevada,NV,88511,20.086743,-34.577107,United States,Bitcoin,0xb9fc2fe63b2a6c003f1c324c3bfa53259162181a,Ethereum (ERC20)
4,James,Davis,,46,male,james.davis@x.dummyjson.com,+49 614-958-9364,jamesd,jamesdpass,1979-5-4,https://dummyjson.com/icon/jamesd/128,AB+,193.31,62.1,Amber,101.118.131.66,10:7d:df:1f:97:58,University of Southern California,904-810,116-951-314,"Mozilla/5.0 (Macintosh; Intel Mac OS X 10_15_7) AppleWebKit/537.36 (KHTML, like Gecko) Chrome/97.0.4692.99 Safari/537.36",admin,Blonde,Straight,238 Jefferson Street,Seattle,Pennsylvania,PA,68354,16.782513,-139.34723,United States,07/30,5303440212268149,Mastercard,CAD,DE01300746880579852937,Support,Pagac and Sons,Research Analyst,1622 Lincoln Street,Fort Worth,Pennsylvania,PA,27768,54.91193,-79.498328,United States,Bitcoin,0xb9fc2fe63b2a6c003f1c324c3bfa53259162181a,Ethereum (ERC20)
5,Emma,Miller,Johnson,31,female,emma.miller@x.dummyjson.com,+91 759-776-1614,emmaj,emmajpass,1994-6-13,https://dummyjson.com/icon/emmaj/128,AB-,192.8,63.62,Green,224.126.22.183,32:b9:7e:8d:f5:e8,Northeastern University,403-505,526-210-885,Mozilla/5.0 (Windows NT 10.0; Win64; x64; rv:97.0) Gecko/20100101 Firefox/97.0,admin,White,Straight,607 Fourth Street,Jacksonville,Colorado,CO,26593,0.505589,-157.43281,United States,07/30,5237188057591130,Mastercard,NZD,DE19182355652037133559,Human Resources,Graham - Gulgowski,Quality Assurance Engineer,1460 Sixth Street,San Antonio,Idaho,ID,21965,44.346545,-26.944701,United States,Bitcoin,0xb9fc2fe63b2a6c003f1c324c3bfa53259162181a,Ethereum (ERC20)
6,Olivia,Wilson,,23,female,olivia.wilson@x.dummyjson.com,+91 607-295-6448,oliviaw,oliviawpass,2002-4-20,https://dummyjson.com/icon/oliviaw/128,B+,182.61,58.0,Hazel,249.178.112.207,9c:7f:ea:34:18:19,University of North Carolina--Chapel Hill,921-709,836-772-168,"Mozilla/5.0 (Macintosh; Intel Mac OS X 10_15_7) AppleWebKit/605.1.15 (KHTML, like Gecko) Version/15.3 Safari/605.1.15",moderator,Gray,Curly,547 First Street,Fort Worth,Tennessee,TN,83843,75.32627,-26.15285,United States,06/30,376320072452632,American Express,NZD,DE21153814367894194071,Product Management,Pfannerstill Inc,Research Analyst,425 Sixth Street,Indianapolis,Oklahoma,OK,74263,74.986644,-132.916888,United States,Bitcoin,0xb9fc2fe63b2a6c003f1c324c3bfa53259162181a,Ethereum (ERC20)
7,Alexander,Jones,,39,male,alexander.jones@x.dummyjson.com,+61 260-824-4986,alexanderj,alexanderjpass,1986-10-20,https://dummyjson.com/icon/alexanderj/128,AB-,153.89,77.42,Blue,166.204.84.32,d2:64:58:2d:1c:46,University of Illinois--Urbana-Champaign,638-127,722-993-925,"Mozilla/5.0 (Macintosh; Intel Mac OS X 10_15_7) AppleWebKit/537.36 (KHTML, like Gecko) Chrome/95.0.4638.69 Safari/537.36",moderator,White,Straight,664 Maple Street,Indianapolis,Delaware,DE,86684,35.289664,7.063255,United States,12/29,5189302549548693,Mastercard,PKR,DE67517655968963441488,Engineering,Dickens - Beahan,Web Developer,996 Eighth Street,Washington,Kansas,KS,27858,-75.462366,-128.025697,United States,Bitcoin,0xb9fc2fe63b2a6c003f1c324c3bfa53259162181a,Ethereum (ERC20)
8,Ava,Taylor,,28,female,ava.taylor@x.dummyjson.com,+1 458-853-7877,avat,avatpass,1997-8-25,https://dummyjson.com/icon/avat/128,AB-,168.47,57.08,Hazel,150.73.197.233,8d:2e:c2:d6:e7:a8,University of Wisconsin--Madison,297-762,257-419-109,"Mozilla/5.0 (Windows NT 10.0; Win64; x64) AppleWebKit/537.36 (KHTML, like Gecko) Chrome/96.0.4664.45 Safari/537.36",moderator,Red,Kinky,1197 First Street,Fort Worth,Rhode Island,RI,24771,-81.194833,-87.948158,United States,08/30,5349974103330333,Mastercard,EUR,FR94ZM2MMGL1EVYQE1ZLCVCFH83,Marketing,Nikolaus Inc,Chief Executive Officer,930 Lincoln Street,Austin,Colorado,CO,47592,87.970083,-42.769351,United States,Bitcoin,0xb9fc2fe63b2a6c003f1c324c3bfa53259162181a,Ethereum (ERC20)
9,Ethan,Martinez,,34,male,ethan.martinez@x.dummyjson.com,+92 933-608-5081,ethanm,ethanmpass,1991-2-12,https://dummyjson.com/icon/ethanm/128,AB+,159.19,68.81,Hazel,63.191.127.71,59:e:9e:e3:29:da,Syracuse University,790-434,569-650-348,"Mozilla/5.0 (Windows NT 10.0; Win64; x64) AppleWebKit/537.36 (KHTML, like Gecko) Chrome/95.0.4638.69 Safari/537.36",moderator,Purple,Curly,466 Pine Street,San Antonio,Louisiana,LA,72360,74.074918,-25.312703,United States,10/27,3598603288061479,JCB,GBP,GB26PND7D83JTW4HL6LZ71,Support,Gorczany - Gottlieb,Legal Counsel,1597 Oak Street,Chicago,Florida,FL,28100,-67.45208,-23.209886,United States,Bitcoin,0xb9fc2fe63b2a6c003f1c324c3bfa53259162181a,Ethereum (ERC20)
10,Isabella,Anderson,Davis,32,female,isabella.anderson@x.dummyjson.com,+49 770-658-4885,isabellad,isabelladpass,1993-6-10,https://dummyjson.com/icon/isabellad/128,A-,150.56,50.1,Brown,114.9.114.205,b1:b0:d0:a2:82:80,California Institute of Technology (Caltech),127-297,902-438-728,"Mozilla/5.0 (Macintosh; Intel Mac OS X 10_15_7) AppleWebKit/537.36 (KHTML, like Gecko) Chrome/96.0.4664.93 Safari/537.36",moderator,Blonde,Curly,1964 Oak Street,New York,Utah,UT,89352,41.331324,151.782727,United States,03/30,3602093733952858,Diners Club International,USD,DE12934874962442340025,Marketing,Pollich - Hilpert,Chief Financial Officer,1029 Adams Street,San Diego,Maryland,MD,63847,-25.843393,-62.692681,United States,Bitcoin,0xb9fc2fe63b2a6c003f1c324c3bfa53259162181a,Ethereum (ERC20)
11,Liam,Garcia,,30,male,liam.garcia@x.dummyjson.com,+92 870-217-6201,liamg,liamgpass,1995-6-6,https://dummyjson.com/icon/liamg/128,AB-,162.32,93.16,Violet,56.201.85.9,31:9a:28:8b:99:6c,Ohio State University,326-604,933-784-949,"Mozilla/5.0 (Macintosh; Intel Mac OS X 10_15_7) AppleWebKit/537.36 (KHTML, like Gecko) Chrome/97.0.4692.99 Safari/537.36",moderator,Red,Wavy,576 Fifth Street,Denver,South Dakota,SD,57252,-66.218177,-145.340165,United States,12/29,3614993744940956,Diners Club International,USD,DE65581882748067758114,Services,Considine - Torp,Web Developer,27 Cedar Street,Philadelphia,Connecticut,CT,79574,-81.841588,31.79423,United States,Bitcoin,0xb9fc2fe63b2a6c003f1c324c3bfa53259162181a,Ethereum (ERC20)
12,Mia,Rodriguez,,25,female,mia.rodriguez@x.dummyjson.com,+49 989-461-8403,miar,miarpass,2000-8-4,https://dummyjson.com/icon/miar/128,O-,188.08,56.03,Blue,11.72.253.90,53:d7:a4:6:1e:58,William & Mary,754-660,749-524-124,"Mozilla/5.0 (Macintosh; Intel Mac OS X 10_15_7) AppleWebKit/537.36 (KHTML, like Gecko) Chrome/95.0.4638.54 Safari/537.36",moderator,Purple,Wavy,1627 Sixth Street,Jacksonville,West Virginia,WV,41810,24.857497,-34.865429,United States,02/29,343932350909214,American Express,CAD,DE77118774979880310165,Accounting,"Miller, Schowalter and Wisozk",Business Analyst,1039 Washington Street,Philadelphia,New Jersey,NJ,57518,85.455933,164.246103,United States,Bitcoin,0xb9fc2fe63b2a6c003f1c324c3bfa53259162181a,Ethereum (ERC20)
13,Noah,Hernandez,,41,male,noah.hernandez@x.dummyjson.com,+49 393-605-6968,noahh,noahhpass,1984-6-5,https://dummyjson.com/icon/noahh/128,AB+,188.62,69.49,Brown,169.154.126.57,d4:fe:ae:8f:eb:a3,New York University (NYU),877-628,660-847-389,"Mozilla/5.0 (Windows NT 10.0; Win64; x64) AppleWebKit/537.36 (KHTML, like Gecko) Chrome/95.0.4638.54 Safari/537.36",moderator,Red,Curly,1413 Maple Street,New York,North Dakota,ND,73696,-25.0377,-151.70469,United States,03/30,6262462852322850,UnionPay,PKR,DE13437032020581217601,Engineering,"Botsford, Marquardt and Roberts",Database Administrator,62 Third Street,Seattle,Oregon,OR,83474,19.490447,-13.173207,United States,Bitcoin,0xb9fc2fe63b2a6c003f1c324c3bfa53259162181a,Ethereum (ERC20)
14,Charlotte,Lopez,Martinez,37,female,charlotte.lopez@x.dummyjson.com,+44 373-953-5028,charlottem,charlottempass,1988-6-8,https://dummyjson.com/icon/charlottem/128,AB-,178.92,82.46,Brown,119.103.95.60,f6:ff:37:aa:6c:f1,Northeastern University,364-782,255-491-479,"Mozilla/5.0 (Windows NT 10.0; Win64; x64) AppleWebKit/537.36 (KHTML, like Gecko) Chrome/96.0.4664.45 Safari/537.36",moderator,Gray,Kinky,208 Second Street,Columbus,Ohio,OH,42044,-44.443762,-151.420561,United States,12/27,3634388457177035,Diners Club International,PKR,DE54092147842698685963,Accounting,Zulauf and Sons,Chief Executive Officer,569 Jefferson Street,Los Angeles,Montana,MT,17779,-18.371256,22.566258,United States,Bitcoin,0xb9fc2fe63b2a6c003f1c324c3bfa53259162181a,Ethereum (ERC20)
15,William,Gonzalez,,33,male,william.gonzalez@x.dummyjson.com,+81 905-252-7319,williamg,williamgpass,1992-3-27,https://dummyjson.com/icon/williamg/128,B-,173.21,82.41,Hazel,250.2.241.204,f5:68:28:f9:ec:89,Tufts University,830-515,690-544-755,"Mozilla/5.0 (Macintosh; Intel Mac OS X 10_15_7) AppleWebKit/537.36 (KHTML, like Gecko) Chrome/96.0.4664.93 Safari/537.36",moderator,Gray,Curly,31 Maple Street,San Jose,Utah,UT,78243,8.152876,113.29799,United States,05/30,6228256225004929,UnionPay,PKR,DE63711022986572448914,Marketing,Spinka - Dickinson,Software Architect,1538 Eighth Street,San Jose,Missouri,MO,29673,24.169361,-29.395167,United States,Bitcoin,0xb9fc2fe63b2a6c003f1c324c3bfa53259162181a,Ethereum (ERC20)
16,Avery,Perez,,26,female,avery.perez@x.dummyjson.com,+61 731-431-3457,averyp,averyppass,1999-3-10,https://dummyjson.com/icon/averyp/128,O-,172.68,93.9,Brown,131.217.4.214,b3:ff:f3:c5:37:46,Harvard University,348-493,679-523-686,"Mozilla/5.0 (Macintosh; Intel Mac OS X 10_15_7) AppleWebKit/537.36 (KHTML, like Gecko) Chrome/95.0.4638.69 Safari/537.36",user,Green,Curly,1125 First Street,Columbus,Iowa,IA,30973,12.789127,85.792598,United States,08/29,378024038311910,American Express,USD,DE42403186906981858976,Accounting,Herzog Inc,Database Administrator,183 Maple Street,New York,Rhode Island,RI,45238,-53.318189,105.835271,United States,Bitcoin,0xb9fc2fe63b2a6c003f1c324c3bfa53259162181a,Ethereum (ERC20)
17,Evelyn,Sanchez,,38,female,evelyn.sanchez@x.dummyjson.com,+1 623-880-6871,evelyns,evelynspass,1987-10-13,https://dummyjson.com/icon/evelyns/128,B+,184.08,83.15,Violet,87.114.135.146,f8:e5:bd:43:bc:d8,Washington University in St. Louis,604-817,689-332-644,"Mozilla/5.0 (Macintosh; Intel Mac OS X 10_15_7) AppleWebKit/537.36 (KHTML, like Gecko) Chrome/96.0.4664.45 Safari/537.36",user,Blue,Curly,1170 Lincoln Street,San Diego,Wyoming,WY,43423,-83.31484,11.768071,United States,01/29,3514443781649095,JCB,GBP,GB74239MLVNQ0UB9ANTFRM,Support,Predovic - Johns,Chief Financial Officer,1802 Ninth Street,San Diego,Minnesota,MN,89416,29.034592,-78.004598,United States,Bitcoin,0xb9fc2fe63b2a6c003f1c324c3bfa53259162181a,Ethereum (ERC20)
18,Logan,Torres,,32,male,logan.torres@x.dummyjson.com,+81 507-434-8733,logant,logantpass,1993-10-26,https://dummyjson.com/icon/logant/128,A+,190.04,72.43,Green,155.98.15.162,40:d:5c:1:7d:bf,University of Illinois--Urbana-Champaign,576-218,806-639-934,"Mozilla/5.0 (Macintosh; Intel Mac OS X 10_15_7) AppleWebKit/537.36 (KHTML, like Gecko) Chrome/96.0.4664.45 Safari/537.36",user,Green,Curly,907 Seventh Street,Columbus,Arkansas,AR,78805,-64.846516,174.775744,United States,04/30,6258651210557142,UnionPay,EUR,ES1171429445321693077621,Training,Jast - Nader,Data Analyst,947 Main Street,Denver,Minnesota,MN,71896,-24.654063,-147.255268,United States,Bitcoin,0xb9fc2fe63b2a6c003f1c324c3bfa53259162181a,Ethereum (ERC20)
19,Abigail,Rivera,,29,female,abigail.rivera@x.dummyjson.com,+91 228-363-7806,abigailr,abigailrpass,1996-10-11,https://dummyjson.com/icon/abigailr/128,B+,186.39,74.61,Violet,19.183.240.94,1d:a6:58:2a:e5:e4,California Institute of Technology (Caltech),173-637,655-823-929,"Mozilla/5.0 (Windows NT 10.0; Win64; x64) AppleWebKit/537.36 (KHTML, like Gecko) Edge/97.0.1072.76 Safari/537.36",user,Blue,Kinky,996 Oak Street,Chicago,New Mexico,NM,11407,44.321308,-3.723903,United States,01/27,6011399019022417,Discover,EUR,IT11QP2B5J81QM1FBX029VI5DD68O,Human Resources,Prohaska - Thiel,Business Analyst,1402 Adams Street,Austin,Wisconsin,WI,51456,25.672938,-76.54967,United States,Bitcoin,0xb9fc2fe63b2a6c003f1c324c3bfa53259162181a,Ethereum (ERC20)
20,Jackson,Evans,,35,male,jackson.evans@x.dummyjson.com,+44 468-628-6686,jacksone,jacksonepass,1990-11-30,https://dummyjson.com/icon/jacksone/128,O-,162.57,74.37,Green,221.127.144.198,81:14:1:97:88:85,Ohio State University,843-260,248-787-886,"Mozilla/5.0 (Macintosh; Intel Mac OS X 10_15_7) AppleWebKit/537.36 (KHTML, like Gecko) Chrome/97.0.4692.99 Safari/537.36",user,Red,Straight,1873 Main Street,New York,Arkansas,AR,26600,34.722451,63.448927,United States,07/30,376760688512826,American Express,GBP,GB27CM0H0MNPXSPDGA0A1O,Legal,Kuhlman LLC,Web Developer,1706 First Street,Chicago,Hawaii,HI,34725,-80.416937,-83.224516,United States,Bitcoin,0xb9fc2fe63b2a6c003f1c324c3bfa53259162181a,Ethereum (ERC20)
21,Madison,Collins,,27,female,madison.collins@x.dummyjson.com,+81 259-957-5711,madisonc,madisoncpass,1998-3-7,https://dummyjson.com/icon/madisonc/128,B-,189.28,56.96,Red,85.34.1.204,13:b0:d0:23:4d:26,University of Pennsylvania,716-166,457-258-950,"Mozilla/5.0 (Macintosh; Intel Mac OS X 10_15_7) AppleWebKit/537.36 (KHTML, like Gecko) Chrome/97.0.4692.99 Safari/537.36",user,Gray,Curly,1892 Lincoln Street,Philadelphia,New Jersey,NJ,62091,52.993694,160.486892,United States,09/27,5551259848327064,Mastercard,EUR,ES3893300143587765232049,Engineering,Mayer - Smitham,Chief Technology Officer,1438 Main Street,San Diego,Delaware,DE,63144,1.629613,23.232982,United States,Bitcoin,0xb9fc2fe63b2a6c003f1c324c3bfa53259162181a,Ethereum (ERC20)
22,Elijah,Stewart,,34,male,elijah.stewart@x.dummyjson.com,+44 468-357-7872,elijahs,elijahspass,1991-10-22,https://dummyjson.com/icon/elijahs/128,A-,195.33,81.64,Blue,23.87.135.62,75:17:c6:35:fc:6d,Georgetown University,520-394,287-380-801,"Mozilla/5.0 (Macintosh; Intel Mac OS X 10_15_7) AppleWebKit/537.36 (KHTML, like Gecko) Chrome/96.0.4664.93 Safari/537.36",user,Purple,Straight,1701 Eighth Street,Columbus,Illinois,IL,31585,-54.833799,-174.504027,United States,05/28,3648138556543460,Diners Club International,EUR,DE82018985741195770313,Legal,Langworth Group,Business Analyst,155 Ninth Street,Washington,South Dakota,SD,19039,61.279254,-12.607767,United States,Bitcoin,0xb9fc2fe63b2a6c003f1c324c3bfa53259162181a,Ethereum (ERC20)
23,Chloe,Morales,,40,female,chloe.morales@x.dummyjson.com,+92 468-541-7133,chloem,chloempass,1985-4-21,https://dummyjson.com/icon/chloem/128,O+,185.07,63.97,Brown,66.78.20.21,fc:f:29:e1:37:b8,Syracuse University,913-597,938-883-163,"Mozilla/5.0 (Windows NT 10.0; Win64; x64) AppleWebKit/537.36 (KHTML, like Gecko) Chrome/96.0.4664.93 Safari/537.36",user,Red,Kinky,401 Fourth Street,Dallas,New Jersey,NJ,54972,-30.190759,-58.705979,United States,09/30,347036238254235,American Express,CNY,DE77762461851744284392,Sales,Grady LLC,Database Administrator,269 Third Street,Houston,North Carolina,NC,10385,40.098115,-1.762972,United States,Bitcoin,0xb9fc2fe63b2a6c003f1c324c3bfa53259162181a,Ethereum (ERC20)
24,Mateo,Nguyen,,31,male,mateo.nguyen@x.dummyjson.com,+1 341-597-6694,mateon,mateonpass,1994-6-2,https://dummyjson.com/icon/mateon/128,O+,174.29,59.98,Red,192.57.144.7,a7:26:10:7a:36:29,Columbia University,229-249,416-877-230,"Mozilla/5.0 (Windows NT 10.0; Win64; x64) AppleWebKit/537.36 (KHTML, like Gecko) Chrome/95.0.4638.69 Safari/537.36",user,Purple,Wavy,1578 Fourth Street,Columbus,Missouri,MO,20673,-32.828675,-82.557354,United States,12/29,4021840414995098,Visa,CAD,DE43275561962007561223,Accounting,Spinka LLC,Business Analyst,1967 Jefferson Street,Dallas,Louisiana,LA,78527,75.982676,164.459743,United States,Bitcoin,0xb9fc2fe63b2a6c003f1c324c3bfa53259162181a,Ethereum (ERC20)
25,Harper,Kelly,Evans,28,female,harper.kelly@x.dummyjson.com,+92 518-863-2863,harpere,harperepass,1997-3-3,https://dummyjson.com/icon/harpere/128,AB-,184.32,81.69,Amber,174.111.61.162,b:ff:33:67:94:e4,Boston College,592-557,209-544-548,"Mozilla/5.0 (Macintosh; Intel Mac OS X 10_15_7) AppleWebKit/537.36 (KHTML, like Gecko) Chrome/97.0.4692.99 Safari/537.36",user,Red,Curly,1591 Adams Street,Philadelphia,New York,NY,69521,-26.832913,-75.445017,United States,06/27,4488823564436432,Visa,EUR,ES5874149276753342261515,Legal,"Leffler, Rolfson and Becker",Business Development Manager,16 Maple Street,Austin,North Carolina,NC,68274,-15.423746,149.298887,United States,Bitcoin,0xb9fc2fe63b2a6c003f1c324c3bfa53259162181a,Ethereum (ERC20)
26,Evelyn,Gonzalez,,36,female,evelyn.gonzalez@x.dummyjson.com,+61 708-508-4638,evelyng,evelyngpass,1989-2-5,https://dummyjson.com/icon/evelyng/128,O+,168.94,58.47,Red,42.52.74.232,89:5e:5a:2a:72:42,Washington University in St. Louis,569-275,487-680-127,"Mozilla/5.0 (Windows NT 10.0; Win64; x64) AppleWebKit/537.36 (KHTML, like Gecko) Chrome/95.0.4638.54 Safari/537.36",user,Black,Wavy,1065 Lincoln Street,Dallas,Maine,ME,84898,67.768359,71.268643,United States,08/28,6011735364912274,Discover,CAD,DE27147353096476220032,Accounting,"Tromp, Gaylord and Weber",Project Manager,584 Ninth Street,Jacksonville,Wisconsin,WI,45633,26.014021,40.572436,United States,Bitcoin,0xb9fc2fe63b2a6c003f1c324c3bfa53259162181a,Ethereum (ERC20)
27,Daniel,Cook,,42,male,daniel.cook@x.dummyjson.com,+44 254-761-6843,danielc,danielcpass,1983-12-25,https://dummyjson.com/icon/danielc/128,AB+,186.21,83.72,Brown,1.61.73.142,6e:73:dc:3a:85:10,Columbia University,585-905,645-515-583,Mozilla/5.0 (Windows NT 10.0; Win64; x64; rv:97.0) Gecko/20100101 Firefox/97.0,user,Blonde,Curly,1163 Pine Street,Los Angeles,Nevada,NV,58781,-3.456681,-134.937482,United States,05/29,5485409595328150,Mastercard,NZD,DE71341603969952506034,Support,"Morissette, Baumbach and Auer",Legal Counsel,938 Fifth Street,San Francisco,South Dakota,SD,45305,21.323588,-83.531427,United States,Bitcoin,0xb9fc2fe63b2a6c003f1c324c3bfa53259162181a,Ethereum (ERC20)
28,Lily,Lee,Brown,30,female,lily.lee@x.dummyjson.com,+1 808-757-9867,lilyb,lilybpass,1995-12-3,https://dummyjson.com/icon/lilyb/128,AB-,181.42,51.49,Gray,67.184.255.96,18:b6:c7:a:50:3f,Johns Hopkins University,229-776,358-185-671,"Mozilla/5.0 (Windows NT 10.0; Win64; x64) AppleWebKit/537.36 (KHTML, like Gecko) Edge/97.0.1072.76 Safari/537.36",user,Purple,Straight,1946 Oak Street,Phoenix,Massachusetts,MA,41540,-9.87059,-72.336845,United States,12/28,5551782139834613,Mastercard,CAD,DE49484285539189712621,Product Management,Cremin Inc,Quality Assurance Engineer,1735 Cedar Street,Phoenix,Wyoming,WY,85797,72.231441,-158.147245,United States,Bitcoin,0xb9fc2fe63b2a6c003f1c324c3bfa53259162181a,Ethereum (ERC20)
29,Henry,Hill,,39,male,henry.hill@x.dummyjson.com,+1 240-833-4680,henryh,henryhpass,1986-8-19,https://dummyjson.com/icon/henryh/128,O-,180.25,95.84,Gray,194.43.55.202,fa:c3:1b:21:5f:44,University of Illinois--Urbana-Champaign,118-957,925-686-100,"Mozilla/5.0 (Windows NT 10.0; Win64; x64) AppleWebKit/537.36 (KHTML, like Gecko) Chrome/96.0.4664.93 Safari/537.36",user,Black,Straight,1837 Maple Street,Indianapolis,Delaware,DE,81783,35.498256,154.088476,United States,11/29,3625097026040498,Diners Club International,EUR,DE08820336197191865470,Services,"Gerlach, Funk and Schoen",Sales Manager,1651 Lincoln Street,San Francisco,West Virginia,WV,61805,-59.936335,-12.405368,United States,Bitcoin,0xb9fc2fe63b2a6c003f1c324c3bfa53259162181a,Ethereum (ERC20)
30,Addison,Wright,,33,female,addison.wright@x.dummyjson.com,+1 514-384-3300,addisonw,addisonwpass,1992-1-3,https://dummyjson.com/icon/addisonw/128,B+,179.32,76.93,Brown,11.35.69.81,fb:0:94:21:16:c,Syracuse University,415-286,804-492-390,"Mozilla/5.0 (Macintosh; Intel Mac OS X 10_15_7) AppleWebKit/537.36 (KHTML, like Gecko) Chrome/96.0.4664.93 Safari/537.36",user,Blonde,Straight,568 Tenth Street,San Francisco,Montana,MT,54698,20.946052,100.228822,United States,06/28,5274971895809762,Mastercard,PKR,DE91480955939051635497,Services,Kreiger Inc,Human Resources Manager,1173 Eighth Street,San Diego,Michigan,MI,85777,65.324413,87.142893,United States,Bitcoin,0xb9fc2fe63b2a6c003f1c324c3bfa53259162181a,Ethereum (ERC20)
31,Gabriel,Adams,,37,male,gabriel.adams@x.dummyjson.com,+91 936-400-4116,gabriela,gabrielapass,1988-9-5,https://dummyjson.com/icon/gabriela/128,B+,181.72,79.14,Green,22.129.163.106,a6:1e:22:5f:fd:49,Massachusetts Institute of Technology (MIT),627-325,281-870-221,"Mozilla/5.0 (Windows NT 10.0; Win64; x64) AppleWebKit/537.36 (KHTML, like Gecko) Chrome/96.0.4664.93 Safari/537.36",user,Blonde,Curly,1814 Cedar Street,Charlotte,Indiana,IN,21191,52.410844,23.60067,United States,01/27,3588616470416493,JCB,JPY,DE08956804884867505571,Accounting,"Miller, Schowalter and Wisozk",Technical Support Engineer,1144 Cedar Street,Columbus,Georgia,GA,81421,9.880888,123.403919,United States,Bitcoin,0xb9fc2fe63b2a6c003f1c324c3bfa53259162181a,Ethereum (ERC20)
32,Natalie,Harris,,29,female,natalie.harris@x.dummyjson.com,+49 584-501-9302,natalieh,nataliehpass,1996-7-23,https://dummyjson.com/icon/natalieh/128,AB+,196.7,57.0,Green,15.75.88.81,96:92:8f:92:af:fe,Washington University in St. Louis,444-790,844-175-995,"Mozilla/5.0 (Macintosh; Intel Mac OS X 10_15_7) AppleWebKit/605.1.15 (KHTML, like Gecko) Version/15.3 Safari/605.1.15",user,Black,Wavy,356 Pine Street,San Jose,Mississippi,MS,31121,-20.105724,136.91646,United States,11/30,6280913845065848,UnionPay,PKR,DE33352338606183908762,Research and Development,Mante LLC,Accountant,898 Seventh Street,Indianapolis,Nebraska,NE,16128,60.587133,14.884213,United States,Bitcoin,0xb9fc2fe63b2a6c003f1c324c3bfa53259162181a,Ethereum (ERC20)
33,Carter,Baker,,32,male,carter.baker@x.dummyjson.com,+49 787-512-9117,carterb,carterbpass,1993-4-19,https://dummyjson.com/icon/carterb/128,A+,190.96,70.78,Green,167.111.147.45,35:0:ad:91:5f:f3,Washington University in St. Louis,193-203,927-818-529,"Mozilla/5.0 (Macintosh; Intel Mac OS X 10_15_7) AppleWebKit/537.36 (KHTML, like Gecko) Chrome/96.0.4664.93 Safari/537.36",user,Brown,Straight,625 Third Street,Denver,Oregon,OR,74622,-63.00584,76.189171,United States,04/30,5286984910566529,Mastercard,AUD,DE50017878346071444444,Product Management,Luettgen and Sons,Software Engineer,127 Cedar Street,Washington,South Carolina,SC,17426,71.127142,174.470146,United States,Bitcoin,0xb9fc2fe63b2a6c003f1c324c3bfa53259162181a,Ethereum (ERC20)
34,Sofia,Mitchell,,26,female,sofia.mitchell@x.dummyjson.com,+92 957-686-6804,sofiam,sofiampass,1999-11-18,https://dummyjson.com/icon/sofiam/128,O-,186.93,69.14,Red,214.76.55.140,23:b:b2:dd:6:f,University of North Carolina--Chapel Hill,738-442,522-409-302,"Mozilla/5.0 (Macintosh; Intel Mac OS X 10_15_7) AppleWebKit/537.36 (KHTML, like Gecko) Chrome/97.0.4692.99 Safari/537.36",user,Blonde,Curly,21 Cedar Street,San Francisco,Oregon,OR,42411,-44.27707,-40.123604,United States,10/29,6011644388587262,Discover,PKR,DE22094731078602211293,Research and Development,"Berge, Reinger and Oberbrunner",Engineer,325 Fourth Street,Indianapolis,California,CA,74759,8.578595,-31.731083,United States,Bitcoin,0xb9fc2fe63b2a6c003f1c324c3bfa53259162181a,Ethereum (ERC20)
35,Jack,Ward,,30,male,jack.ward@x.dummyjson.com,+91 857-765-4373,jackw,jackwpass,1995-9-23,https://dummyjson.com/icon/jackw/128,B-,198.13,56.73,Hazel,131.243.182.227,33:6c:1c:b8:f5:92,Pepperdine University,195-420,714-118-525,"Mozilla/5.0 (Macintosh; Intel Mac OS X 10_15_7) AppleWebKit/537.36 (KHTML, like Gecko) Chrome/97.0.4692.99 Safari/537.36",user,White,Kinky,164 Elm Street,Phoenix,Idaho,ID,42061,52.754451,32.383886,United States,11/29,4756122303786727,Visa,INR,DE51526648161394223010,Legal,Keebler and Sons,Chief Information Officer,1505 Madison Street,Denver,New Hampshire,NH,87171,15.938706,70.153019,United States,Bitcoin,0xb9fc2fe63b2a6c003f1c324c3bfa53259162181a,Ethereum (ERC20)
36,Harper,Turner,,34,female,harper.turner@x.dummyjson.com,+49 980-340-5333,harpert,harpertpass,1991-1-14,https://dummyjson.com/icon/harpert/128,A+,191.03,70.18,Gray,102.200.5.180,3c:5f:b3:2:1c:5,Boston University,474-323,290-677-251,"Mozilla/5.0 (Macintosh; Intel Mac OS X 10_15_7) AppleWebKit/537.36 (KHTML, like Gecko) Chrome/95.0.4638.54 Safari/537.36",user,Red,Curly,1964 Fifth Street,Dallas,Utah,UT,63361,-41.149882,-167.072873,United States,06/28,4037963159224243,Visa,PKR,DE87469202063239630716,Engineering,Ritchie and Sons,Marketing Manager,1431 Lincoln Street,Denver,Delaware,DE,12416,15.465539,-76.452876,United States,Bitcoin,0xb9fc2fe63b2a6c003f1c324c3bfa53259162181a,Ethereum (ERC20)
37,Mason,Parker,,35,male,mason.parker@x.dummyjson.com,+61 837-389-4095,masonp,masonppass,1990-4-20,https://dummyjson.com/icon/masonp/128,AB+,171.56,76.25,Hazel,97.184.116.71,51:97:60:8b:4a:75,Yale University,509-535,475-408-496,"Mozilla/5.0 (Windows NT 10.0; Win64; x64) AppleWebKit/537.36 (KHTML, like Gecko) Chrome/96.0.4664.93 Safari/537.36",user,Gray,Wavy,419 Elm Street,Seattle,Louisiana,LA,20540,-59.018685,82.296555,United States,01/27,5279759194646844,Mastercard,NZD,DE89950192498980441460,Engineering,Kihn - Thompson,Developer,345 Tenth Street,Austin,North Dakota,ND,15423,-31.021039,-102.785277,United States,Bitcoin,0xb9fc2fe63b2a6c003f1c324c3bfa53259162181a,Ethereum (ERC20)
38,Aria,Roberts,,27,female,aria.roberts@x.dummyjson.com,+61 411-514-5320,ariar,ariarpass,1998-3-25,https://dummyjson.com/icon/ariar/128,A-,199.62,88.96,Gray,208.86.10.37,7d:16:14:f8:d5:4,Princeton University,329-619,631-656-511,"Mozilla/5.0 (Macintosh; Intel Mac OS X 10_15_7) AppleWebKit/537.36 (KHTML, like Gecko) Chrome/95.0.4638.54 Safari/537.36",user,Blue,Curly,560 Fifth Street,Seattle,Rhode Island,RI,70664,36.157244,-29.219594,United States,10/28,372071021242970,American Express,CAD,DE33897381873184367321,Legal,Sanford and Sons,Database Administrator,69 Ninth Street,Chicago,Ohio,OH,77252,-1.902962,15.129767,United States,Bitcoin,0xb9fc2fe63b2a6c003f1c324c3bfa53259162181a,Ethereum (ERC20)
39,Lucas,Gray,,31,male,lucas.gray@x.dummyjson.com,+44 687-435-7119,lucasg,lucasgpass,1994-4-6,https://dummyjson.com/icon/lucasg/128,O-,195.26,88.5,Amber,56.97.195.115,39:83:8b:37:af:6e,Syracuse University,883-600,178-343-654,"Mozilla/5.0 (Windows NT 10.0; Win64; x64) AppleWebKit/537.36 (KHTML, like Gecko) Chrome/96.0.4664.45 Safari/537.36",user,Red,Wavy,590 Lincoln Street,Houston,Wisconsin,WI,12506,-50.975209,53.492629,United States,08/29,6230640220238796,UnionPay,NZD,DE79239027221761620503,Accounting,Fadel Inc,Chief Operating Officer,99 First Street,Columbus,South Dakota,SD,81266,-86.557025,-154.751446,United States,Bitcoin,0xb9fc2fe63b2a6c003f1c324c3bfa53259162181a,Ethereum (ERC20)
40,Ella,Adams,,28,female,ella.adams@x.dummyjson.com,+1 450-865-6061,ellaa,ellaapass,1997-6-20,https://dummyjson.com/icon/ellaa/128,B-,167.53,64.19,Hazel,175.172.136.236,fb:e6:93:1f:65:b1,Northeastern University,681-377,195-311-611,"Mozilla/5.0 (Windows NT 10.0; Win64; x64) AppleWebKit/537.36 (KHTML, like Gecko) Chrome/96.0.4664.110 Safari/537.36",user,White,Wavy,1420 First Street,Washington,Utah,UT,85475,-20.421386,-125.851148,United States,06/27,6250582996220803,UnionPay,EUR,ES8228923010515786814573,Human Resources,Cassin Group,Chief Technology Officer,258 Ninth Street,Los Angeles,North Carolina,NC,48333,-83.225804,127.981653,United States,Bitcoin,0xb9fc2fe63b2a6c003f1c324c3bfa53259162181a,Ethereum (ERC20)
41,Evan,Reed,,33,male,evan.reed@x.dummyjson.com,+61 932-569-4853,evanr,evanrpass,1992-6-16,https://dummyjson.com/icon/evanr/128,O+,152.55,90.4,Blue,6.25.22.101,4d:df:1b:97:83:c0,University of California--Irvine,496-858,197-874-889,"Mozilla/5.0 (Windows NT 10.0; Win64; x64) AppleWebKit/537.36 (KHTML, like Gecko) Chrome/96.0.4664.93 Safari/537.36",user,Blonde,Kinky,98 Tenth Street,San Antonio,North Carolina,NC,19937,89.781211,-50.810277,United States,05/27,372693683592457,American Express,AUD,DE75893691459791933066,Human Resources,Jacobs - Nader,Business Analyst,1130 Tenth Street,Columbus,Pennsylvania,PA,62624,-55.627873,-146.083081,United States,Bitcoin,0xb9fc2fe63b2a6c003f1c324c3bfa53259162181a,Ethereum (ERC20)
42,Avery,Carter,,29,female,avery.carter@x.dummyjson.com,+44 254-655-6112,averyc,averycpass,1996-8-21,https://dummyjson.com/icon/averyc/128,B-,179.92,59.37,Blue,187.69.252.251,f0:9a:ba:d9:48:d5,Yale University,854-428,902-510-406,"Mozilla/5.0 (Macintosh; Intel Mac OS X 10_15_7) AppleWebKit/537.36 (KHTML, like Gecko) Chrome/95.0.4638.54 Safari/537.36",user,Blue,Straight,1999 Seventh Street,San Diego,West Virginia,WV,13916,-59.303292,-87.318538,United States,09/30,3617114029166871,Diners Club International,AUD,DE93605312121879910330,Support,Schmidt - Hyatt,Sales Manager,979 Tenth Street,San Jose,New York,NY,59824,-5.788002,88.846665,United States,Bitcoin,0xb9fc2fe63b2a6c003f1c324c3bfa53259162181a,Ethereum (ERC20)
43,Benjamin,Foster,,35,male,benjamin.foster@x.dummyjson.com,+61 333-911-3476,benjaminf,benjaminfpass,1990-11-1,https://dummyjson.com/icon/benjaminf/128,O+,164.2,58.9,Gray,132.29.94.179,39:b4:48:18:5:9c,University of Michigan--Ann Arbor,735-917,769-766-682,"Mozilla/5.0 (Macintosh; Intel Mac OS X 10_15_7) AppleWebKit/537.36 (KHTML, like Gecko) Chrome/97.0.4692.99 Safari/537.36",user,Blue,Kinky,25 Sixth Street,San Diego,Delaware,DE,48884,41.653453,175.676203,United States,04/30,4428728609793403,Visa,GBP,GB58KE8PN3FCXGLNMUBMMT,Product Management,Kuhlman LLC,Technical Support Engineer,1704 Madison Street,Chicago,Colorado,CO,34806,80.111181,-125.230725,United States,Bitcoin,0xb9fc2fe63b2a6c003f1c324c3bfa53259162181a,Ethereum (ERC20)
44,Scarlett,Wright,,27,female,scarlett.wright@x.dummyjson.com,+1 599-432-3048,scarlettw,scarlettwpass,1998-5-9,https://dummyjson.com/icon/scarlettw/128,A+,180.04,70.75,Brown,243.186.233.187,79:c9:54:dd:af:2a,University of Pennsylvania,835-488,728-544-407,"Mozilla/5.0 (Windows NT 10.0; Win64; x64) AppleWebKit/537.36 (KHTML, like Gecko) Edge/97.0.1072.76 Safari/537.36",user,Gray,Straight,1276 Cedar Street,Phoenix,Vermont,VT,32823,-58.699428,143.479322,United States,04/28,4074575855296699,Visa,EUR,IT7037DVE9L57TAFA2EURKL0XSVYY,Legal,Schmeler - Spinka,Chief Financial Officer,1722 Fourth Street,Indianapolis,Michigan,MI,53020,83.572349,-108.398653,United States,Bitcoin,0xb9fc2fe63b2a6c003f1c324c3bfa53259162181a,Ethereum (ERC20)
45,Lincoln,Kelly,,31,male,lincoln.kelly@x.dummyjson.com,+49 680-666-9673,lincolnk,lincolnkpass,1994-1-12,https://dummyjson.com/icon/lincolnk/128,A+,191.01,73.38,Amber,82.138.239.3,f6:3c:e7:3b:d6:40,Yale University,761-657,439-236-645,"Mozilla/5.0 (Windows NT 10.0; Win64; x64) AppleWebKit/537.36 (KHTML, like Gecko) Chrome/95.0.4638.69 Safari/537.36",user,White,Straight,108 Adams Street,Columbus,Montana,MT,51083,59.268321,-30.466022,United States,06/27,376869242043473,American Express,EUR,ES6553771897122276945739,Research and Development,Johnson and Sons,Legal Counsel,1794 Elm Street,Houston,North Dakota,ND,78494,52.096422,178.506028,United States,Bitcoin,0xb9fc2fe63b2a6c003f1c324c3bfa53259162181a,Ethereum (ERC20)
46,Hannah,Robinson,,30,female,hannah.robinson@x.dummyjson.com,+92 556-625-4398,hannahr,hannahrpass,1995-2-2,https://dummyjson.com/icon/hannahr/128,AB+,150.25,67.93,Brown,82.201.57.248,d5:da:6d:bc:6d:1b,Harvard University,449-504,150-215-129,"Mozilla/5.0 (Macintosh; Intel Mac OS X 10_15_7) AppleWebKit/605.1.15 (KHTML, like Gecko) Version/15.3 Safari/605.1.15",user,Green,Kinky,666 Fourth Street,Phoenix,West Virginia,WV,82463,3.84181,-33.501862,United States,06/30,6011824282761474,Discover,USD,DE13885235068199673116,Engineering,Weber Inc,Technical Support Engineer,1654 Second Street,Indianapolis,Missouri,MO,84519,-69.657286,97.241416,United States,Bitcoin,0xb9fc2fe63b2a6c003f1c324c3bfa53259162181a,Ethereum (ERC20)
47,Nicholas,Bailey,,36,male,nicholas.bailey@x.dummyjson.com,+49 212-856-4272,nicholasb,nicholasbpass,1989-6-14,https://dummyjson.com/icon/nicholasb/128,A+,162.29,50.86,Gray,171.101.211.225,74:f6:24:f2:f7:6d,Yale University,839-819,956-576-764,"Mozilla/5.0 (Windows NT 10.0; Win64; x64) AppleWebKit/537.36 (KHTML, like Gecko) Chrome/96.0.4664.45 Safari/537.36",user,Gray,Curly,55 Madison Street,Chicago,Rhode Island,RI,58331,2.340163,-34.156688,United States,06/27,5178671180822861,Mastercard,CAD,DE13081878587256403239,Research and Development,"Runolfsson, Kohler and Welch",Chief Financial Officer,1009 Third Street,San Francisco,Maine,ME,54340,-7.502715,-139.88832,United States,Bitcoin,0xb9fc2fe63b2a6c003f1c324c3bfa53259162181a,Ethereum (ERC20)
48,Luna,Russell,,28,female,luna.russell@x.dummyjson.com,+91 730-486-3735,lunar,lunarpass,1997-6-18,https://dummyjson.com/icon/lunar/128,O-,188.0,76.37,Hazel,218.176.123.51,d0:4b:7c:b2:be:9d,University of Florida,270-115,867-546-518,"Mozilla/5.0 (Windows NT 10.0; Win64; x64) AppleWebKit/537.36 (KHTML, like Gecko) Chrome/96.0.4664.93 Safari/537.36",user,White,Straight,968 Elm Street,San Diego,Colorado,CO,64610,81.64788,179.922909,United States,10/27,6011119289200851,Discover,JPY,DE44066881161114600974,Marketing,Moore Inc,Research Analyst,1108 Fourth Street,San Francisco,Tennessee,TN,63517,-49.230074,103.094302,United States,Bitcoin,0xb9fc2fe63b2a6c003f1c324c3bfa53259162181a,Ethereum (ERC20)
49,Jacob,Cooper,,32,male,jacob.cooper@x.dummyjson.com,+91 322-775-7582,jacobc,jacobcpass,1993-12-21,https://dummyjson.com/icon/jacobc/128,A+,157.39,96.32,Brown,145.68.5.38,fd:58:46:54:61:ac,University of California--Los Angeles (UCLA),610-768,576-853-277,"Mozilla/5.0 (Macintosh; Intel Mac OS X 10_15_7) AppleWebKit/537.36 (KHTML, like Gecko) Chrome/96.0.4664.45 Safari/537.36",user,Green,Wavy,1419 Pine Street,Columbus,Montana,MT,61227,75.201414,-106.866138,United States,08/29,4052153700364850,Visa,USD,DE94704470123742214634,Engineering,"Kessler, Kozey and Simonis",Chief Executive Officer,1756 Second Street,Chicago,New Hampshire,NH,65899,34.894275,74.192722,United States,Bitcoin,0xb9fc2fe63b2a6c003f1c324c3bfa53259162181a,Ethereum (ERC20)
50,Stella,Hughes,,34,female,stella.hughes@x.dummyjson.com,+92 378-326-3439,stellah,stellahpass,1991-11-6,https://dummyjson.com/icon/stellah/128,A-,171.2,81.45,Brown,201.29.33.153,29:78:ea:4:44:a5,University of California--San Diego,323-682,970-230-310,Mozilla/5.0 (Windows NT 10.0; Win64; x64; rv:97.0) Gecko/20100101 Firefox/97.0,user,Blue,Straight,926 Elm Street,Jacksonville,New Hampshire,NH,24463,-29.825372,116.639085,United States,06/30,6011034610653738,Discover,CAD,DE55632738801652716114,Research and Development,Ernser Group,Database Administrator,1869 Jefferson Street,Indianapolis,Montana,MT,65401,-26.748208,-12.086179,United States,Bitcoin,0xb9fc2fe63b2a6c003f1c324c3bfa53259162181a,Ethereum (ERC20)
51,Eli,Bennett,,30,male,eli.bennett@x.dummyjson.com,+1 465-379-7226,elib,elibpass,1995-9-17,https://dummyjson.com/icon/elib/128,B+,170.61,91.22,Gray,144.73.131.148,f6:59:76:66:c0:85,Boston University,222-408,216-126-647,"Mozilla/5.0 (Windows NT 10.0; Win64; x64) AppleWebKit/537.36 (KHTML, like Gecko) Chrome/96.0.4664.110 Safari/537.36",user,Brown,Kinky,1423 Main Street,Jacksonville,Idaho,ID,34271,-15.022759,58.392572,United States,04/28,3644848905447957,Diners Club International,GBP,GB4969YU8ZX5UYTERMTE5X,Accounting,"Waters, Ankunding and Green",Chief Operating Officer,1536 Fourth Street,Indianapolis,Michigan,MI,77147,-49.858979,-21.940443,United States,Bitcoin,0xb9fc2fe63b2a6c003f1c324c3bfa53259162181a,Ethereum (ERC20)
52,Grace,Perry,,27,female,grace.perry@x.dummyjson.com,+49 550-430-8269,gracep,graceppass,1998-12-23,https://dummyjson.com/icon/gracep/128,B-,193.34,81.7,Gray,39.127.170.122,2a:b3:40:74:92:a8,Boston College,644-956,436-792-326,"Mozilla/5.0 (Windows NT 10.0; Win64; x64) AppleWebKit/537.36 (KHTML, like Gecko) Chrome/95.0.4638.54 Safari/537.36",user,Red,Straight,1957 Cedar Street,Seattle,Pennsylvania,PA,61720,-63.108401,-30.256437,United States,04/27,6011208284318428,Discover,USD,DE24921117776315926153,Human Resources,Cassin Group,Database Administrator,1115 Cedar Street,Phoenix,Kansas,KS,72844,-40.306805,-93.291672,United States,Bitcoin,0xb9fc2fe63b2a6c003f1c324c3bfa53259162181a,Ethereum (ERC20)
53,Lucas,Gordon,,36,male,lucas.gordon@x.dummyjson.com,+81 367-320-4960,lucasgx,lucasgxpass,1989-9-11,https://dummyjson.com/icon/lucasgx/128,B-,179.73,72.92,Brown,79.214.245.49,7a:71:1b:67:63:5,Massachusetts Institute of Technology (MIT),907-525,261-533-840,"Mozilla/5.0 (Macintosh; Intel Mac OS X 10_15_7) AppleWebKit/537.36 (KHTML, like Gecko) Chrome/95.0.4638.69 Safari/537.36",user,Red,Wavy,1386 Third Street,Los Angeles,Rhode Island,RI,37169,-54.741494,-116.593511,United States,07/28,6274044364167720,UnionPay,CAD,DE82596013730509620675,Human Resources,Von Inc,Project Manager,43 Main Street,Jacksonville,Virginia,VA,30773,60.684421,-164.248969,United States,Bitcoin,0xb9fc2fe63b2a6c003f1c324c3bfa53259162181a,Ethereum (ERC20)
54,Ava,Harrison,,29,female,ava.harrison@x.dummyjson.com,+44 926-778-4653,avah,avahpass,1996-4-22,https://dummyjson.com/icon/avah/128,O-,155.72,93.47,Hazel,225.40.138.177,4e:2b:e4:33:7a:f8,Harvard University,145-780,621-536-422,"Mozilla/5.0 (Windows NT 10.0; Win64; x64) AppleWebKit/537.36 (KHTML, like Gecko) Chrome/97.0.4692.99 Safari/537.36",user,Brown,Curly,1094 Adams Street,San Antonio,Vermont,VT,14336,-84.032892,-46.255902,United States,01/27,3694482369735209,Diners Club International,AUD,DE64412118002973670494,Engineering,Blanda - Jacobson,Legal Counsel,1374 Cedar Street,Philadelphia,Delaware,DE,21641,-56.564069,-134.42879,United States,Bitcoin,0xb9fc2fe63b2a6c003f1c324c3bfa53259162181a,Ethereum (ERC20)
55,Owen,Fisher,,32,male,owen.fisher@x.dummyjson.com,+49 328-635-8057,owenf,owenfpass,1993-6-26,https://dummyjson.com/icon/owenf/128,O-,167.31,72.03,Gray,196.196.227.202,65:e0:58:aa:7:b4,University of Wisconsin--Madison,711-285,262-669-864,"Mozilla/5.0 (Windows NT 10.0; Win64; x64) AppleWebKit/537.36 (KHTML, like Gecko) Chrome/96.0.4664.93 Safari/537.36",user,White,Kinky,1486 Second Street,Chicago,Nevada,NV,54304,79.330781,-13.162134,United States,12/29,5103143689853920,Mastercard,CNY,DE08501985146215650096,Human Resources,Hilpert Inc,Chief Financial Officer,782 Ninth Street,Dallas,Ohio,OH,31730,-0.673163,3.835418,United States,Bitcoin,0xb9fc2fe63b2a6c003f1c324c3bfa53259162181a,Ethereum (ERC20)
56,Samantha,Howard,,31,female,samantha.howard@x.dummyjson.com,+91 458-289-9756,samanthah,samanthahpass,1994-6-17,https://dummyjson.com/icon/samanthah/128,O-,183.61,81.47,Green,60.137.253.102,d0:d0:f:51:4d:7b,University of Rochester,399-186,395-645-824,Mozilla/5.0 (Windows NT 10.0; Win64; x64; rv:97.0) Gecko/20100101 Firefox/97.0,user,Black,Wavy,1506 Jefferson Street,Austin,Alaska,AK,20118,-30.25137,124.764848,United States,11/28,6244336069792340,UnionPay,CNY,DE63839439222192955762,Services,Grady LLC,Sales Manager,840 Madison Street,San Jose,Alaska,AK,23467,-79.628771,-130.055293,United States,Bitcoin,0xb9fc2fe63b2a6c003f1c324c3bfa53259162181a,Ethereum (ERC20)
57,Nathan,Dixon,,35,male,nathan.dixon@x.dummyjson.com,+44 540-488-4436,nathand,nathandpass,1990-11-10,https://dummyjson.com/icon/nathand/128,A+,166.43,59.96,Brown,21.193.172.72,d3:ae:d1:ad:ca:48,University of Wisconsin--Madison,158-291,899-929-219,"Mozilla/5.0 (Macintosh; Intel Mac OS X 10_15_7) AppleWebKit/537.36 (KHTML, like Gecko) Chrome/97.0.4692.99 Safari/537.36",user,White,Straight,1795 Seventh Street,Columbus,Utah,UT,20882,-15.794158,-83.214052,United States,03/27,6219523455857412,UnionPay,EUR,ES8455352365180556489643,Sales,Von Inc,Engineer,21 Seventh Street,Seattle,Washington,WA,11132,-62.442839,-97.115445,United States,Bitcoin,0xb9fc2fe63b2a6c003f1c324c3bfa53259162181a,Ethereum (ERC20)
58,Bella,Grant,,28,female,bella.grant@x.dummyjson.com,+92 896-206-1901,bellag,bellagpass,1997-3-15,https://dummyjson.com/icon/bellag/128,O-,192.65,96.46,Amber,123.144.124.157,8c:df:ff:9a:1f:7c,Vanderbilt University,709-625,629-978-834,"Mozilla/5.0 (Windows NT 10.0; Win64; x64) AppleWebKit/537.36 (KHTML, like Gecko) Chrome/95.0.4638.69 Safari/537.36",user,Blonde,Straight,447 Ninth Street,Dallas,Mississippi,MS,40138,30.371676,-141.802948,United States,03/27,3597557762216721,JCB,USD,DE40170219523360368210,Product Management,"Weissnat, Wyman and Turner",Project Manager,1704 Cedar Street,Washington,Pennsylvania,PA,29113,-69.164818,-85.578158,United States,Bitcoin,0xb9fc2fe63b2a6c003f1c324c3bfa53259162181a,Ethereum (ERC20)
59,Ethan,Fletcher,,34,male,ethan.fletcher@x.dummyjson.com,+1 251-564-2643,ethanf,ethanfpass,1991-5-1,https://dummyjson.com/icon/ethanf/128,AB-,183.99,83.98,Violet,21.94.6.7,b2:fd:ca:1b:3b:a5,Cornell University,610-786,577-991-233,"Mozilla/5.0 (Macintosh; Intel Mac OS X 10_15_7) AppleWebKit/537.36 (KHTML, like Gecko) Chrome/95.0.4638.54 Safari/537.36",user,Brown,Curly,789 Main Street,Dallas,Arkansas,AR,87924,29.411519,23.598322,United States,02/27,4440217612919449,Visa,AUD,DE42359669771256255400,Training,Halvorson LLC,Data Scientist,258 Tenth Street,Washington,Texas,TX,10371,45.367618,-147.524292,United States,Bitcoin,0xb9fc2fe63b2a6c003f1c324c3bfa53259162181a,Ethereum (ERC20)
60,Lillian,Simmons,,33,female,lillian.simmons@x.dummyjson.com,+61 857-625-2029,lillians,lillianspass,1992-3-9,https://dummyjson.com/icon/lillians/128,A+,173.72,87.33,Gray,161.193.124.63,b6:5c:51:80:86:8c,Boston University,504-909,593-729-652,"Mozilla/5.0 (Macintosh; Intel Mac OS X 10_15_7) AppleWebKit/537.36 (KHTML, like Gecko) Chrome/96.0.4664.45 Safari/537.36",user,Black,Kinky,1577 Seventh Street,Phoenix,Minnesota,MN,47571,-78.054184,-159.412033,United States,08/28,4194199742529819,Visa,AUD,DE61911452633085852456,Business Development,"Will, Stamm and Zieme",Legal Counsel,1624 Maple Street,Denver,Montana,MT,31968,-17.662779,165.102747,United States,Bitcoin,0xb9fc2fe63b2a6c003f1c324c3bfa53259162181a,Ethereum (ERC20)
61,Mason,Pearson,,29,male,mason.pearson@x.dummyjson.com,+1 394-401-1757,masonpx,masonpxpass,1996-5-9,https://dummyjson.com/icon/masonpx/128,A+,198.74,60.14,Gray,167.22.242.229,28:73:d7:7d:f4:6d,University of Chicago,646-797,301-490-975,"Mozilla/5.0 (Windows NT 10.0; Win64; x64) AppleWebKit/537.36 (KHTML, like Gecko) Edge/97.0.1072.76 Safari/537.36",user,Green,Straight,14 Main Street,Phoenix,Idaho,ID,82481,-38.914334,171.16941,United States,11/27,5462211256387971,Mastercard,PKR,DE03241052506475845931,Research and Development,Langworth Group,Developer,1641 Elm Street,Jacksonville,New Jersey,NJ,78736,21.796335,103.789754,United States,Bitcoin,0xb9fc2fe63b2a6c003f1c324c3bfa53259162181a,Ethereum (ERC20)
62,Leah,Henderson,,27,female,leah.henderson@x.dummyjson.com,+91 453-220-4258,leahh,leahhpass,1998-8-19,https://dummyjson.com/icon/leahh/128,B-,153.01,67.56,Brown,64.196.103.68,a2:28:a3:57:d4:9d,Wake Forest University,352-545,618-491-807,"Mozilla/5.0 (Windows NT 10.0; Win64; x64) AppleWebKit/537.36 (KHTML, like Gecko) Chrome/96.0.4664.93 Safari/537.36",user,Blue,Wavy,554 Seventh Street,Austin,Wyoming,WY,42884,24.228272,23.462478,United States,01/30,5345673525788631,Mastercard,CAD,DE95606990330913836024,Services,"Kuhic, Romaguera and Funk",Web Developer,1984 Ninth Street,Jacksonville,Montana,MT,64454,-4.613265,-130.595386,United States,Bitcoin,0xb9fc2fe63b2a6c003f1c324c3bfa53259162181a,Ethereum (ERC20)
63,Logan,Lawson,,34,male,logan.lawson@x.dummyjson.com,+1 750-526-9455,loganl,loganlpass,1991-8-5,https://dummyjson.com/icon/loganl/128,B+,195.97,51.89,Amber,152.155.90.41,20:56:60:fb:66:cd,University of Virginia,683-412,407-626-104,"Mozilla/5.0 (Windows NT 10.0; Win64; x64) AppleWebKit/537.36 (KHTML, like Gecko) Chrome/96.0.4664.110 Safari/537.36",user,Gray,Wavy,1110 Fifth Street,Chicago,Minnesota,MN,10672,40.581664,146.441717,United States,01/29,6011018306792827,Discover,PKR,DE85851020383435975478,Engineering,Stark and Sons,Chief Technology Officer,1008 First Street,Seattle,Utah,UT,51856,-3.219099,176.364771,United States,Bitcoin,0xb9fc2fe63b2a6c003f1c324c3bfa53259162181a,Ethereum (ERC20)
64,Avery,Barnes,,30,female,avery.barnes@x.dummyjson.com,+91 207-801-7417,averyb,averybpass,1995-2-5,https://dummyjson.com/icon/averyb/128,O-,158.1,77.81,Green,104.8.31.159,0:40:32:8d:3f:88,Harvard University,776-347,790-917-668,"Mozilla/5.0 (Windows NT 10.0; Win64; x64) AppleWebKit/537.36 (KHTML, like Gecko) Chrome/96.0.4664.110 Safari/537.36",user,Gray,Kinky,466 Sixth Street,Philadelphia,Connecticut,CT,61359,-5.728671,38.921097,United States,11/29,348209987427281,American Express,USD,DE73592158037537845511,Marketing,"Nicolas, Adams and West",Data Scientist,439 Eighth Street,San Francisco,Mississippi,MS,29658,-50.315111,105.23408,United States,Bitcoin,0xb9fc2fe63b2a6c003f1c324c3bfa53259162181a,Ethereum (ERC20)
65,Caleb,Perkins,,31,male,caleb.perkins@x.dummyjson.com,+81 351-413-9369,calebp,calebppass,1994-7-28,https://dummyjson.com/icon/calebp/128,AB-,151.24,62.54,Blue,243.236.99.67,79:e4:91:62:7f:fe,Columbia University,669-255,780-780-674,"Mozilla/5.0 (Windows NT 10.0; Win64; x64) AppleWebKit/537.36 (KHTML, like Gecko) Chrome/96.0.4664.45 Safari/537.36",user,White,Wavy,1078 Sixth Street,Los Angeles,South Carolina,SC,12319,-25.994847,-147.135588,United States,11/29,378727185199132,American Express,USD,DE80910408666998686966,Engineering,"Sawayn, Koss and Medhurst",Chief Financial Officer,19 Fifth Street,San Francisco,Indiana,IN,12628,-44.050336,142.403269,United States,Bitcoin,0xb9fc2fe63b2a6c003f1c324c3bfa53259162181a,Ethereum (ERC20)
66,Aria,Ferguson,,28,female,aria.ferguson@x.dummyjson.com,+44 434-406-8551,ariaf,ariafpass,1997-6-1,https://dummyjson.com/icon/ariaf/128,B+,161.81,97.12,Blue,180.24.111.167,e2:71:6d:81:6:db,Cornell University,952-671,705-592-753,"Mozilla/5.0 (Windows NT 10.0; Win64; x64) AppleWebKit/537.36 (KHTML, like Gecko) Chrome/96.0.4664.93 Safari/537.36",user,Blue,Wavy,1553 Sixth Street,San Diego,Wyoming,WY,59501,-66.092723,169.9952,United States,02/28,5222769696858258,Mastercard,GBP,GB93YU9GTP9S3UJCULWWWL,Legal,"Wisozk, Schamberger and Huels",Project Manager,807 Eighth Street,Phoenix,New Jersey,NJ,75765,46.824227,-51.392185,United States,Bitcoin,0xb9fc2fe63b2a6c003f1c324c3bfa53259162181a,Ethereum (ERC20)
67,Gabriel,Hayes,,35,male,gabriel.hayes@x.dummyjson.com,+61 386-511-8949,gabrielh,gabrielhpass,1990-4-8,https://dummyjson.com/icon/gabrielh/128,A+,172.0,83.77,Red,217.72.9.121,24:fa:90:ce:f1:f6,University of Notre Dame,914-884,664-278-961,"Mozilla/5.0 (Macintosh; Intel Mac OS X 10_15_7) AppleWebKit/537.36 (KHTML, like Gecko) Chrome/95.0.4638.54 Safari/537.36",user,White,Wavy,240 Jefferson Street,San Jose,Minnesota,MN,63269,-25.766511,-76.004117,United States,02/29,3679480974040543,Diners Club International,INR,DE75685444844842250154,Marketing,"Schaefer, Hackett and Kreiger",Technical Support Engineer,995 Sixth Street,San Diego,California,CA,32538,43.683155,-11.317141,United States,Bitcoin,0xb9fc2fe63b2a6c003f1c324c3bfa53259162181a,Ethereum (ERC20)
68,Layla,Sullivan,,26,female,layla.sullivan@x.dummyjson.com,+92 657-388-7474,laylas,laylaspass,1999-10-3,https://dummyjson.com/icon/laylas/128,O-,187.49,56.12,Gray,137.194.35.102,6:12:26:1a:e:df,Washington University in St. Louis,133-199,866-686-145,"Mozilla/5.0 (Windows NT 10.0; Win64; x64) AppleWebKit/537.36 (KHTML, like Gecko) Chrome/97.0.4692.99 Safari/537.36",user,Purple,Straight,639 Fourth Street,Denver,Arizona,AZ,56891,89.415268,-29.532108,United States,05/27,4969294380437301,Visa,JPY,DE80270773734561018109,Legal,"Carroll, Kuphal and Durgan",Chief Technology Officer,270 Eighth Street,Phoenix,Arizona,AZ,82179,-84.060906,-59.92069,United States,Bitcoin,0xb9fc2fe63b2a6c003f1c324c3bfa53259162181a,Ethereum (ERC20)
69,Christopher,West,,32,male,christopher.west@x.dummyjson.com,+49 968-571-2475,christopherw,christopherwpass,1993-11-16,https://dummyjson.com/icon/christopherw/128,AB+,173.02,83.19,Red,38.64.216.221,33:21:99:79:b5:da,University of North Carolina--Chapel Hill,581-758,130-527-244,"Mozilla/5.0 (Windows NT 10.0; Win64; x64) AppleWebKit/537.36 (KHTML, like Gecko) Chrome/95.0.4638.69 Safari/537.36",user,Blue,Curly,1656 Eighth Street,Denver,Pennsylvania,PA,63011,-82.516652,-147.519835,United States,11/27,5279253885149052,Mastercard,PKR,DE33422897681286949155,Legal,"Grant, Jacobson and Ankunding",Database Administrator,1638 Oak Street,Phoenix,Nevada,NV,79956,-1.251871,38.186984,United States,Bitcoin,0xb9fc2fe63b2a6c003f1c324c3bfa53259162181a,Ethereum (ERC20)
70,Zoe,Nicholson,,33,female,zoe.nicholson@x.dummyjson.com,+49 638-976-6904,zoen,zoenpass,1992-12-24,https://dummyjson.com/icon/zoen/128,A+,177.34,56.28,Hazel,162.232.212.187,42:fa:3e:8:22:1f,University of Miami,107-293,447-330-498,"Mozilla/5.0 (Macintosh; Intel Mac OS X 10_15_7) AppleWebKit/537.36 (KHTML, like Gecko) Chrome/97.0.4692.99 Safari/537.36",user,Red,Wavy,1705 Pine Street,Jacksonville,Kansas,KS,39449,35.632082,127.968158,United States,03/29,3572305898329375,JCB,PKR,DE17822765864402242705,Human Resources,Marks LLC,Research Analyst,381 Madison Street,Jacksonville,New Hampshire,NH,30926,-32.970666,111.725715,United States,Bitcoin,0xb9fc2fe63b2a6c003f1c324c3bfa53259162181a,Ethereum (ERC20)
71,Nolan,Bryant,,30,male,nolan.bryant@x.dummyjson.com,+44 618-916-5243,nolanb,nolanbpass,1995-12-7,https://dummyjson.com/icon/nolanb/128,B-,180.65,94.04,Brown,104.73.181.230,52:b1:47:d6:3:f3,Pepperdine University,691-959,866-454-527,"Mozilla/5.0 (Windows NT 10.0; Win64; x64) AppleWebKit/537.36 (KHTML, like Gecko) Chrome/95.0.4638.54 Safari/537.36",user,Gray,Curly,236 Lincoln Street,Jacksonville,Nevada,NV,56830,-87.184494,-137.530694,United States,04/28,4430199802511909,Visa,AUD,DE39754904735053030680,Legal,Ziemann - Rau,Project Manager,1551 Lincoln Street,Dallas,Colorado,CO,42708,16.782207,51.114636,United States,Bitcoin,0xb9fc2fe63b2a6c003f1c324c3bfa53259162181a,Ethereum (ERC20)
72,Victoria,McDonald,,28,female,victoria.mcdonald@x.dummyjson.com,+91 624-944-2089,victoriam,victoriampass,1997-9-16,https://dummyjson.com/icon/victoriam/128,AB+,172.55,97.24,Hazel,173.205.48.240,af:30:29:ce:56:31,Carnegie Mellon University,997-510,592-762-168,"Mozilla/5.0 (Macintosh; Intel Mac OS X 10_15_7) AppleWebKit/537.36 (KHTML, like Gecko) Chrome/97.0.4692.99 Safari/537.36",user,Purple,Wavy,244 Second Street,Austin,Missouri,MO,39608,-72.323497,138.264727,United States,04/29,5484756296822829,Mastercard,USD,DE89495183052938550075,Services,"Auer, Hettinger and Bradtke",Support Specialist,905 Tenth Street,Jacksonville,Vermont,VT,34827,40.651505,-5.717716,United States,Bitcoin,0xb9fc2fe63b2a6c003f1c324c3bfa53259162181a,Ethereum (ERC20)
73,Max,Russell,,35,male,max.russell@x.dummyjson.com,+44 663-850-4302,maxr,maxrpass,1990-4-19,https://dummyjson.com/icon/maxr/128,AB-,153.37,76.58,Blue,212.179.168.242,27:d2:0:38:f1:2f,Northeastern University,630-678,597-337-828,"Mozilla/5.0 (Macintosh; Intel Mac OS X 10_15_7) AppleWebKit/537.36 (KHTML, like Gecko) Chrome/95.0.4638.69 Safari/537.36",user,Blue,Wavy,1813 Ninth Street,Chicago,Oklahoma,OK,46278,27.088722,104.023237,United States,12/27,3678619813293851,Diners Club International,NZD,DE18703844898682506782,Accounting,Ullrich LLC,Product Manager,1804 Sixth Street,Washington,Arkansas,AR,13333,-76.948416,-91.436585,United States,Bitcoin,0xb9fc2fe63b2a6c003f1c324c3bfa53259162181a,Ethereum (ERC20)
74,Penelope,Harper,,29,female,penelope.harper@x.dummyjson.com,+44 907-679-1302,penelopeh,penelopehpass,1996-9-14,https://dummyjson.com/icon/penelopeh/128,A-,161.76,93.74,Brown,124.114.248.236,5e:0:af:4:76:1e,University of Notre Dame,574-118,889-739-601,"Mozilla/5.0 (Windows NT 10.0; Win64; x64) AppleWebKit/537.36 (KHTML, like Gecko) Chrome/96.0.4664.45 Safari/537.36",user,Blonde,Straight,571 Washington Street,Charlotte,Pennsylvania,PA,26857,54.991384,14.355841,United States,01/30,348277527859982,American Express,PKR,DE38600509143511850161,Legal,"Auer, Hettinger and Bradtke",Engineer,767 Maple Street,Austin,Iowa,IA,69431,-68.641974,-147.141407,United States,Bitcoin,0xb9fc2fe63b2a6c003f1c324c3bfa53259162181a,Ethereum (ERC20)
75,Ryan,Graham,,32,male,ryan.graham@x.dummyjson.com,+92 260-518-7256,ryang,ryangpass,1993-10-2,https://dummyjson.com/icon/ryang/128,AB-,170.74,74.67,Green,168.118.81.248,be:d1:6e:a1:53:65,Northeastern University,518-365,708-654-206,"Mozilla/5.0 (Windows NT 10.0; Win64; x64) AppleWebKit/537.36 (KHTML, like Gecko) Chrome/96.0.4664.110 Safari/537.36",user,Blue,Wavy,1858 Madison Street,San Antonio,Tennessee,TN,44329,11.44191,-42.217944,United States,02/27,5329265469096228,Mastercard,PKR,DE64575893844650635639,Engineering,Dooley LLC,Chief Executive Officer,25 Tenth Street,Fort Worth,Georgia,GA,41030,-69.994113,-32.718397,United States,Bitcoin,0xb9fc2fe63b2a6c003f1c324c3bfa53259162181a,Ethereum (ERC20)
76,Madeline,Simpson,,27,female,madeline.simpson@x.dummyjson.com,+44 371-964-4017,madelines,madelinespass,1998-12-1,https://dummyjson.com/icon/madelines/128,AB+,181.51,67.7,Brown,29.230.204.12,92:df:e0:81:ba:1,University of Rochester,795-274,220-119-957,"Mozilla/5.0 (Macintosh; Intel Mac OS X 10_15_7) AppleWebKit/537.36 (KHTML, like Gecko) Chrome/95.0.4638.54 Safari/537.36",user,Blonde,Straight,1466 Oak Street,Los Angeles,New Jersey,NJ,29730,-61.252684,-159.370289,United States,10/28,5598889672042796,Mastercard,EUR,DE44930694766981571115,Product Management,King - Muller,Web Developer,1090 Fifth Street,Jacksonville,Utah,UT,25841,12.345847,90.721037,United States,Bitcoin,0xb9fc2fe63b2a6c003f1c324c3bfa53259162181a,Ethereum (ERC20)
77,Jonathan,Pierce,,34,male,jonathan.pierce@x.dummyjson.com,+61 456-307-5568,jonathanp,jonathanppass,1991-9-25,https://dummyjson.com/icon/jonathanp/128,B+,151.41,57.86,Violet,121.29.4.35,b4:cb:7d:c1:3:df,Emory University,189-344,735-321-340,"Mozilla/5.0 (Windows NT 10.0; Win64; x64) AppleWebKit/537.36 (KHTML, like Gecko) Chrome/96.0.4664.45 Safari/537.36",user,Blonde,Wavy,1110 Seventh Street,San Diego,Ohio,OH,34379,-85.385955,-49.11738,United States,12/30,6011200228317947,Discover,USD,DE72553185887481000157,Training,"Carroll, Kuphal and Durgan",Business Analyst,18 Pine Street,Columbus,Indiana,IN,70773,17.128563,136.533697,United States,Bitcoin,0xb9fc2fe63b2a6c003f1c324c3bfa53259162181a,Ethereum (ERC20)
78,Eleanor,Tyler,,31,female,eleanor.tyler@x.dummyjson.com,+1 232-621-9938,eleanort,eleanortpass,1994-10-26,https://dummyjson.com/icon/eleanort/128,O-,195.85,70.03,Green,54.87.239.213,df:94:e1:e7:3a:7,Wake Forest University,668-175,688-176-797,"Mozilla/5.0 (Windows NT 10.0; Win64; x64) AppleWebKit/537.36 (KHTML, like Gecko) Chrome/97.0.4692.99 Safari/537.36",user,Brown,Wavy,439 Pine Street,San Antonio,New Hampshire,NH,64622,51.5965,47.479982,United States,03/30,6282984352125703,UnionPay,EUR,DE60851175428733331885,Product Management,Hilpert and Sons,Web Developer,580 Seventh Street,Jacksonville,Indiana,IN,57924,-3.475554,-138.094068,United States,Bitcoin,0xb9fc2fe63b2a6c003f1c324c3bfa53259162181a,Ethereum (ERC20)
79,Isaac,Lawrence,,33,male,isaac.lawrence@x.dummyjson.com,+81 693-260-7234,isaacl,isaaclpass,1992-1-6,https://dummyjson.com/icon/isaacl/128,A+,177.52,88.08,Hazel,125.69.20.49,7f:5b:44:3e:95:5a,University of Southern California,693-345,822-940-545,"Mozilla/5.0 (Windows NT 10.0; Win64; x64) AppleWebKit/537.36 (KHTML, like Gecko) Chrome/96.0.4664.45 Safari/537.36",user,Blue,Kinky,1581 Oak Street,Austin,North Dakota,ND,62609,63.188944,-119.083714,United States,09/28,3671333437099820,Diners Club International,AUD,DE68908839907520337336,Marketing,Jacobi - Miller,Chief Financial Officer,1545 Lincoln Street,Denver,Vermont,VT,70818,54.214373,24.417613,United States,Bitcoin,0xb9fc2fe63b2a6c003f1c324c3bfa53259162181a,Ethereum (ERC20)
80,Hazel,Gardner,,28,female,hazel.gardner@x.dummyjson.com,+91 688-478-9459,hazelg,hazelgpass,1997-9-18,https://dummyjson.com/icon/hazelg/128,O+,166.79,82.31,Red,6.254.212.106,c4:f4:db:3e:e5:8f,Duke University,511-786,465-156-294,"Mozilla/5.0 (Macintosh; Intel Mac OS X 10_15_7) AppleWebKit/537.36 (KHTML, like Gecko) Chrome/95.0.4638.54 Safari/537.36",user,Red,Wavy,756 Washington Street,New York,Kentucky,KY,35181,-9.898936,81.738951,United States,10/28,6242995375483407,UnionPay,AUD,DE65180546074755787211,Business Development,Nolan Group,Systems Analyst,854 Lincoln Street,Jacksonville,Virginia,VA,48095,-55.152851,-42.985461,United States,Bitcoin,0xb9fc2fe63b2a6c003f1c324c3bfa53259162181a,Ethereum (ERC20)
81,Austin,Hudson,,30,male,austin.hudson@x.dummyjson.com,+81 405-412-4250,austinh,austinhpass,1995-5-1,https://dummyjson.com/icon/austinh/128,A-,189.77,66.83,Blue,147.130.253.116,e:c0:3:62:e2:d0,University of Michigan--Ann Arbor,536-921,731-202-997,"Mozilla/5.0 (Windows NT 10.0; Win64; x64) AppleWebKit/537.36 (KHTML, like Gecko) Chrome/97.0.4692.99 Safari/537.36",user,Blue,Straight,1468 Eighth Street,Los Angeles,Maryland,MD,64305,-28.392471,-44.144328,United States,02/30,6011463292832932,Discover,GBP,GB912RDPFF9YXGMYS7IO14,Sales,Okuneva Group,Legal Counsel,1323 Adams Street,Jacksonville,Mississippi,MS,18643,-47.033335,-68.205081,United States,Bitcoin,0xb9fc2fe63b2a6c003f1c324c3bfa53259162181a,Ethereum (ERC20)
82,Lillian,Bishop,,27,female,lillian.bishop@x.dummyjson.com,+92 538-589-5885,lillianb,lillianbpass,1998-8-2,https://dummyjson.com/icon/lillianb/128,O-,192.14,64.86,Hazel,24.17.79.226,6c:98:f0:ac:bb:c2,Johns Hopkins University,260-576,167-792-820,"Mozilla/5.0 (Macintosh; Intel Mac OS X 10_15_7) AppleWebKit/537.36 (KHTML, like Gecko) Chrome/96.0.4664.93 Safari/537.36",user,Blue,Curly,1959 Lincoln Street,Jacksonville,Minnesota,MN,79154,39.203338,-68.447736,United States,11/28,6251160829300404,UnionPay,CAD,DE24616534006239319185,Research and Development,Rippin Inc,Research Analyst,566 Jefferson Street,Austin,New Jersey,NJ,22760,43.175263,-169.602231,United States,Bitcoin,0xb9fc2fe63b2a6c003f1c324c3bfa53259162181a,Ethereum (ERC20)
83,Dylan,Wells,,35,male,dylan.wells@x.dummyjson.com,+49 659-638-1106,dylanw,dylanwpass,1990-11-7,https://dummyjson.com/icon/dylanw/128,O+,156.56,83.29,Amber,254.112.7.252,b7:c7:29:ff:e0:49,William & Mary,560-210,572-136-332,"Mozilla/5.0 (Macintosh; Intel Mac OS X 10_15_7) AppleWebKit/537.36 (KHTML, like Gecko) Chrome/96.0.4664.93 Safari/537.36",user,Brown,Curly,816 Sixth Street,Philadelphia,West Virginia,WV,54522,-82.623651,33.259567,United States,07/29,3597467382729154,JCB,AUD,DE62128867521743907285,Services,Schmidt - Hyatt,Support Specialist,360 Sixth Street,Seattle,Florida,FL,16124,61.755934,-149.215844,United States,Bitcoin,0xb9fc2fe63b2a6c003f1c324c3bfa53259162181a,Ethereum (ERC20)
84,Aaliyah,Hanson,,29,female,aaliyah.hanson@x.dummyjson.com,+1 275-501-1119,aaliyahh,aaliyahhpass,1996-3-20,https://dummyjson.com/icon/aaliyahh/128,B+,164.5,92.03,Blue,51.180.201.49,89:50:ac:7e:d0:b6,Cornell University,709-477,453-478-272,"Mozilla/5.0 (Windows NT 10.0; Win64; x64) AppleWebKit/537.36 (KHTML, like Gecko) Chrome/97.0.4692.99 Safari/537.36",user,Gray,Wavy,790 Eighth Street,Philadelphia,North Dakota,ND,51438,15.832722,-148.237795,United States,02/28,6011926454334632,Discover,CAD,DE02970928927762628941,Accounting,Marvin Inc,Quality Assurance Engineer,747 Ninth Street,San Francisco,North Carolina,NC,68238,-53.992111,-32.617357,United States,Bitcoin,0xb9fc2fe63b2a6c003f1c324c3bfa53259162181a,Ethereum (ERC20)
85,Cameron,Burke,,32,male,cameron.burke@x.dummyjson.com,+1 976-686-7996,cameronb,cameronbpass,1993-2-28,https://dummyjson.com/icon/cameronb/128,A+,167.99,65.63,Hazel,223.11.49.77,35:b4:67:82:6e:1,Boston College,347-151,319-158-126,"Mozilla/5.0 (Windows NT 10.0; Win64; x64) AppleWebKit/537.36 (KHTML, like Gecko) Chrome/96.0.4664.110 Safari/537.36",user,Black,Curly,1192 Adams Street,Denver,South Dakota,SD,32940,-64.736971,-145.00299,United States,12/30,3619819353654759,Diners Club International,JPY,DE71584174384607676704,Training,"Barton, Blick and Osinski",Business Analyst,548 Adams Street,Denver,Washington,WA,33136,36.125774,-155.114211,United States,Bitcoin,0xb9fc2fe63b2a6c003f1c324c3bfa53259162181a,Ethereum (ERC20)
86,Nora,Mills,,27,female,nora.mills@x.dummyjson.com,+44 767-262-6860,noram,norampass,1998-9-18,https://dummyjson.com/icon/noram/128,O+,180.77,56.11,Hazel,129.48.92.197,47:c8:97:c1:19:ab,William & Mary,347-392,181-460-951,"Mozilla/5.0 (Windows NT 10.0; Win64; x64) AppleWebKit/537.36 (KHTML, like Gecko) Chrome/97.0.4692.99 Safari/537.36",user,Blonde,Curly,940 Oak Street,San Jose,Kansas,KS,51983,-21.747982,-17.382449,United States,04/30,3683030075043773,Diners Club International,EUR,NL93RS8SF94BBBS3CP,Business Development,Hahn - Lakin,Chief Information Officer,1963 Seventh Street,Charlotte,Pennsylvania,PA,30401,50.468149,109.748881,United States,Bitcoin,0xb9fc2fe63b2a6c003f1c324c3bfa53259162181a,Ethereum (ERC20)
87,Hunter,Gordon,,34,male,hunter.gordon@x.dummyjson.com,+1 986-988-5297,hunterg,huntergpass,1991-2-8,https://dummyjson.com/icon/hunterg/128,A+,186.43,83.88,Blue,59.138.90.32,6f:92:45:21:c8:b3,Emory University,688-971,787-117-328,"Mozilla/5.0 (Windows NT 10.0; Win64; x64) AppleWebKit/537.36 (KHTML, like Gecko) Chrome/97.0.4692.99 Safari/537.36",user,Red,Curly,614 Third Street,Charlotte,Florida,FL,77521,72.687425,145.404561,United States,04/27,6011958188897220,Discover,USD,DE05114187235425829622,Support,Stark and Sons,Chief Information Officer,969 Fifth Street,Houston,Rhode Island,RI,41055,-66.563922,158.379537,United States,Bitcoin,0xb9fc2fe63b2a6c003f1c324c3bfa53259162181a,Ethereum (ERC20)
88,Aubrey,Wagner,,31,female,aubrey.wagner@x.dummyjson.com,+81 285-568-5834,aubreyw,aubreywpass,1994-4-1,https://dummyjson.com/icon/aubreyw/128,B+,168.73,79.86,Red,203.204.53.60,5a:18:55:d7:84:b9,Vanderbilt University,990-866,678-854-911,"Mozilla/5.0 (Windows NT 10.0; Win64; x64) AppleWebKit/537.36 (KHTML, like Gecko) Chrome/96.0.4664.110 Safari/537.36",user,Blonde,Wavy,1147 Adams Street,Phoenix,North Carolina,NC,72711,-55.796433,-163.621876,United States,10/29,3692710040595549,Diners Club International,CAD,DE48679614573470291447,Sales,Cassin Group,Engineer,1580 Tenth Street,San Jose,New Jersey,NJ,33398,35.508597,12.058887,United States,Bitcoin,0xb9fc2fe63b2a6c003f1c324c3bfa53259162181a,Ethereum (ERC20)
89,Brayden,Fleming,,33,male,brayden.fleming@x.dummyjson.com,+1 404-382-1778,braydenf,braydenfpass,1992-7-20,https://dummyjson.com/icon/braydenf/128,B-,162.36,92.54,Blue,190.7.180.9,1c:f0:2c:ff:21:53,University of Pennsylvania,295-222,450-486-656,"Mozilla/5.0 (Windows NT 10.0; Win64; x64) AppleWebKit/537.36 (KHTML, like Gecko) Chrome/97.0.4692.99 Safari/537.36",user,Purple,Wavy,328 Second Street,Jacksonville,Arkansas,AR,30822,-31.165455,80.818634,United States,01/27,3572820525250943,JCB,JPY,DE55621011313808322534,Human Resources,Stiedemann LLC,Chief Technology Officer,1373 Ninth Street,Fort Worth,North Dakota,ND,56043,46.067968,119.054054,United States,Bitcoin,0xb9fc2fe63b2a6c003f1c324c3bfa53259162181a,Ethereum (ERC20)
90,Scarlett,Bowman,,28,female,scarlett.bowman@x.dummyjson.com,+44 928-549-7517,scarlettb,scarlettbpass,1997-2-26,https://dummyjson.com/icon/scarlettb/128,AB-,185.22,92.68,Red,62.62.42.196,ff:d1:93:5a:64:df,University of Pennsylvania,731-327,559-869-832,"Mozilla/5.0 (Windows NT 10.0; Win64; x64) AppleWebKit/537.36 (KHTML, like Gecko) Chrome/97.0.4692.99 Safari/537.36",user,Gray,Straight,1108 Madison Street,New York,New Jersey,NJ,63825,49.409345,-134.912011,United States,09/29,4353527268881312,Visa,GBP,GB24LBWQ8O8LCR9BC6PCZ3,Sales,Wisozk - Feeney,Software Engineer,1123 Fifth Street,San Diego,Tennessee,TN,34306,20.301695,-142.998013,United States,Bitcoin,0xb9fc2fe63b2a6c003f1c324c3bfa53259162181a,Ethereum (ERC20)
91,Levi,Hicks,,30,male,levi.hicks@x.dummyjson.com,+92 931-753-3850,levih,levihpass,1995-5-19,https://dummyjson.com/icon/levih/128,A-,199.06,95.68,Red,235.155.45.205,90:74:c5:2e:24:75,Ohio State University,858-254,510-891-185,"Mozilla/5.0 (Windows NT 10.0; Win64; x64) AppleWebKit/537.36 (KHTML, like Gecko) Chrome/97.0.4692.99 Safari/537.36",user,Blue,Curly,1836 Pine Street,Phoenix,West Virginia,WV,74747,43.752994,-60.845798,United States,08/27,6011037232328647,Discover,CAD,DE93427728102249711205,Product Management,Quitzon LLC,Software Architect,388 Elm Street,Charlotte,Vermont,VT,61612,18.856177,36.280746,United States,Bitcoin,0xb9fc2fe63b2a6c003f1c324c3bfa53259162181a,Ethereum (ERC20)
92,Autumn,Gomez,,27,female,autumn.gomez@x.dummyjson.com,+1 340-455-2897,autumng,autumngpass,1998-2-1,https://dummyjson.com/icon/autumng/128,A-,182.61,92.77,Amber,104.233.56.225,75:e4:8e:ea:ce:9d,University of Chicago,411-642,165-661-612,"Mozilla/5.0 (Macintosh; Intel Mac OS X 10_15_7) AppleWebKit/537.36 (KHTML, like Gecko) Chrome/96.0.4664.45 Safari/537.36",user,Purple,Wavy,1585 Washington Street,Dallas,Illinois,IL,53203,27.443768,-176.861979,United States,09/29,3618727858757814,Diners Club International,GBP,GB512IQ7OY0FUSMWYQ1ZY7,Product Management,Kuhlman LLC,Business Analyst,1818 Jefferson Street,Philadelphia,New York,NY,69388,-46.202815,163.840848,United States,Bitcoin,0xb9fc2fe63b2a6c003f1c324c3bfa53259162181a,Ethereum (ERC20)
93,Julian,Newton,,35,male,julian.newton@x.dummyjson.com,+92 865-328-8737,juliann,juliannpass,1990-7-2,https://dummyjson.com/icon/juliann/128,AB-,162.55,50.79,Amber,53.230.49.216,25:d5:d5:70:83:6f,Duke University,552-547,284-606-799,"Mozilla/5.0 (Macintosh; Intel Mac OS X 10_15_7) AppleWebKit/537.36 (KHTML, like Gecko) Chrome/96.0.4664.93 Safari/537.36",user,Purple,Wavy,565 First Street,Fort Worth,Iowa,IA,33623,37.071505,6.844804,United States,05/29,4909300466849187,Visa,GBP,GB143VNTYACHFYIJTM9SX8,Engineering,"Considine, Heathcote and Abernathy",Research Analyst,667 Lincoln Street,Austin,Illinois,IL,55637,79.606845,-62.456495,United States,Bitcoin,0xb9fc2fe63b2a6c003f1c324c3bfa53259162181a,Ethereum (ERC20)
94,Ruby,Andrews,,29,female,ruby.andrews@x.dummyjson.com,+1 343-203-7912,rubya,rubyapass,1996-7-7,https://dummyjson.com/icon/rubya/128,AB+,176.73,98.77,Brown,37.23.186.32,13:d2:72:d4:3b:94,University of Chicago,444-692,125-457-144,"Mozilla/5.0 (Macintosh; Intel Mac OS X 10_15_7) AppleWebKit/537.36 (KHTML, like Gecko) Chrome/96.0.4664.93 Safari/537.36",user,White,Wavy,800 Adams Street,Dallas,Texas,TX,85259,17.888532,147.485554,United States,02/30,4228060747301119,Visa,CAD,DE80586311923264727661,Marketing,Kohler and Sons,Human Resources Manager,180 Sixth Street,San Jose,Virginia,VA,88718,-8.372312,6.099603,United States,Bitcoin,0xb9fc2fe63b2a6c003f1c324c3bfa53259162181a,Ethereum (ERC20)
95,Miles,Stevenson,,32,male,miles.stevenson@x.dummyjson.com,+49 708-659-4394,miless,milesspass,1993-3-1,https://dummyjson.com/icon/miless/128,AB+,151.88,97.67,Gray,205.69.48.134,ea:9f:90:df:f0:43,Wake Forest University,732-553,799-459-107,"Mozilla/5.0 (Windows NT 10.0; Win64; x64) AppleWebKit/537.36 (KHTML, like Gecko) Edge/97.0.1072.76 Safari/537.36",user,White,Straight,1778 Tenth Street,Charlotte,Montana,MT,29192,87.914882,55.932358,United States,08/28,341978562582747,American Express,PKR,DE39761174609022554949,Marketing,"Hudson, Labadie and Greenfelder",Developer,1686 Pine Street,Phoenix,Alabama,AL,54878,-18.555482,82.135991,United States,Bitcoin,0xb9fc2fe63b2a6c003f1c324c3bfa53259162181a,Ethereum (ERC20)
96,Aurora,Lawson,,27,female,aurora.lawson@x.dummyjson.com,+92 802-452-4192,auroral,auroralpass,1998-6-16,https://dummyjson.com/icon/auroral/128,O+,174.28,88.18,Violet,161.244.58.227,34:95:bd:59:f4:39,Boston University,477-337,191-532-292,Mozilla/5.0 (Windows NT 10.0; Win64; x64; rv:97.0) Gecko/20100101 Firefox/97.0,user,Green,Wavy,1140 Adams Street,Dallas,Minnesota,MN,29004,83.417744,-7.933044,United States,07/29,5480171454066942,Mastercard,GBP,GB36C9TE2MIXX12X8IJMLG,Product Management,Hudson - Marquardt,Chief Information Officer,164 Fifth Street,Indianapolis,New York,NY,27958,89.270633,-72.618747,United States,Bitcoin,0xb9fc2fe63b2a6c003f1c324c3bfa53259162181a,Ethereum (ERC20)
97,Oscar,Powers,,34,male,oscar.powers@x.dummyjson.com,+61 929-572-1408,oscarp,oscarppass,1991-9-7,https://dummyjson.com/icon/oscarp/128,O+,169.03,62.55,Violet,216.204.186.222,79:d9:1b:19:e2:73,University of Virginia,325-379,856-795-126,"Mozilla/5.0 (Macintosh; Intel Mac OS X 10_15_7) AppleWebKit/537.36 (KHTML, like Gecko) Chrome/97.0.4692.99 Safari/537.36",user,Green,Wavy,1948 Jefferson Street,Charlotte,Vermont,VT,12263,52.294653,-70.69936,United States,11/27,6011597179762975,Discover,USD,DE16654874987771550206,Legal,Luettgen and Sons,Support Specialist,1127 Oak Street,Chicago,Alabama,AL,37894,28.080301,-6.017825,United States,Bitcoin,0xb9fc2fe63b2a6c003f1c324c3bfa53259162181a,Ethereum (ERC20)
98,Clara,Berry,,31,female,clara.berry@x.dummyjson.com,+1 390-831-5172,clarab,clarabpass,1994-2-13,https://dummyjson.com/icon/clarab/128,O-,151.55,90.27,Red,144.153.81.107,30:fa:b2:ca:17:91,Boston College,246-495,625-638-955,"Mozilla/5.0 (Windows NT 10.0; Win64; x64) AppleWebKit/537.36 (KHTML, like Gecko) Chrome/95.0.4638.69 Safari/537.36",user,Blue,Wavy,1577 Jefferson Street,Seattle,Montana,MT,41818,88.607515,92.692781,United States,10/29,348500223799446,American Express,JPY,DE94679076797491453575,Training,Mayer - Smitham,Accountant,767 Adams Street,Phoenix,Washington,WA,13037,76.372465,24.919329,United States,Bitcoin,0xb9fc2fe63b2a6c003f1c324c3bfa53259162181a,Ethereum (ERC20)
99,Gavin,Stanley,,33,male,gavin.stanley@x.dummyjson.com,+44 466-358-6026,gavins,gavinspass,1992-3-17,https://dummyjson.com/icon/gavins/128,O-,173.37,92.17,Amber,189.110.169.3,34:32:b0:9:28:0,University of California--Irvine,780-590,321-561-524,"Mozilla/5.0 (Windows NT 10.0; Win64; x64) AppleWebKit/537.36 (KHTML, like Gecko) Edge/97.0.1072.76 Safari/537.36",user,Black,Straight,1898 Second Street,Houston,Mississippi,MS,85234,70.915423,-30.195987,United States,03/27,3581201445671725,JCB,CAD,DE01439050186894663094,Marketing,"Strosin, Anderson and Baumbach",Support Specialist,903 First Street,San Diego,Iowa,IA,87476,-47.007951,86.840506,United States,Bitcoin,0xb9fc2fe63b2a6c003f1c324c3bfa53259162181a,Ethereum (ERC20)
100,Lila,Hudson,,28,female,lila.hudson@x.dummyjson.com,+91 697-236-1544,lilah,lilahpass,1997-9-1,https://dummyjson.com/icon/lilah/128,AB+,190.1,70.03,Gray,96.35.42.117,96:21:23:2c:f:d5,University of Notre Dame,306-959,297-645-204,"Mozilla/5.0 (Windows NT 10.0; Win64; x64) AppleWebKit/537.36 (KHTML, like Gecko) Chrome/96.0.4664.110 Safari/537.36",user,Blonde,Wavy,262 Ninth Street,Chicago,Nevada,NV,17472,-68.233207,-67.04255,United States,12/29,3573611722474066,JCB,EUR,DE23981874800457879322,Legal,"Hartmann, Hilpert and Kulas",Sales Manager,1825 Oak Street,New York,Kansas,KS,71983,50.55153,39.433391,United States,Bitcoin,0xb9fc2fe63b2a6c003f1c324c3bfa53259162181a,Ethereum (ERC20)
